{
  "sizes": [
    1024,
    2048,
    4096,
    8192,
    16384,
    32768,
    65536,
    131072,
    262144,
    524288,
    1048576
  ],
  "avg_orig": [
    12551.55,
    28027.5,
    61725.2,
    135216.29166666666,
    291737.075,
    631739.2166666667,
    1346891.525,
    2886133.775,
    6142451.983333333,
    13003463.116666667,
    27495487.108333334
  ],
  "avg_rand": [
    12684.933333333332,
    28016.2,
    61890.28333333333,
    135360.78333333333,
    294197.10833333334,
    630133.15,
    1361511.2,
    2889944.8916666666,
    6113774.216666667,
    13009874.825,
    27447078.116666667
  ],
  "X_orig": [
    1.2257373046875,
    1.2441184303977273,
    1.2558024088541666,
    1.2696842291416266,
    1.2718727111816406,
    1.2852767266167535,
    1.2844958543777465,
    1.2952619552612303,
    1.3017552658363625,
    1.3053756630211546,
    1.3110869936148326
  ],
  "X_rand": [
    1.2387630208333333,
    1.2436168323863637,
    1.2591610378689235,
    1.271041009364984,
    1.2825976053873698,
    1.2820091756184897,
    1.298438262939453,
    1.2969723383585612,
    1.2956776548314979,
    1.306019313711869,
    1.3087786730130513
  ],
  "X_orig_mean": 1.2773152311809763,
  "X_rand_mean": 1.2802795385739905
}